first,paste_cross
ABH,
0,
5965,
Venice,1
Wilmington,1
Grand,1
San,1
S,1
Sunset,1
Wilshire,1
Selma,1
3rd,1
W,1
5th,1
6th,1
7th,1
Imperial,1
14333,
Ave,1
Lankershim,1
Los,1
7600,
Beacon,1
13160,
Beverly,1
200,
Ocean,1
7621,
1819,
4th,1
N,1
El,1
Coldwater,1
Main,1
2817,
10th,1
Crocker,1
1800,
Towne,1
310,
F,1
Highland,1
Rose,1
Sepulveda,1
La,1
Flower,1
Vineland,1
501,
E,1
14th,1
1701,
10945,
Moorpark,1
711,
9723,
317,
11471,
16940,
Cahuenga,1
525,
5629,
Hampton,1
Pico,1
401,
Vanowen,1
5567,
Laurel,1
Parthenia,1
spring,1
859,
1899,
Spring,1
400,
Olympic,1
6099,
88th,1
1799,
4395,
1601,
1636,
9100,
Broadway,1
12966,
Cotner,1
SELMA,1
6499,
11476,
52nd,1
500,
10470,
Hope,1
600,
7166,
9701,
11430,
Civic,1
7135,
39th,1
Nordhoff,1
Vermont,1
630,
1600,
7755,
8300,
Bradley,1
Washington,1
100,
Mac,1
Military,1
Stanford,1
101,
1432,
9800,
1st,1
Lomita,1
selma,1
Wall,1
16200,
Lexington,1
625,
14800,
51st,1
300,
1500,
1809,
2311,
3721,
7250,
8048,
12898,
Alvarado,1
Silver,1
130,
5300,
6300,
16730,
Rinaldi,1
VENICE,1
1000,
2900,
10671,
10835,
11839,
16450,
Sherman,1
121,
8800,
11100,
15716,
54th,1
Devonshire,1
Humboldt,1
Radford,1
350,
900,
1350,
1426,
12400,
33rd,1
49th,1
Avenue,1
957,
1831,
2551,
11256,
13244,
13255,
Alhambra,1
OHS,1
Riverside,1
Santa,1
1150,
1206,
5123,
7900,
Carlos,1
140,
201,
1820,
1920,
5019,
12910,
16045,
21717,
Figueroa,1
Schrader,1
411,
1111,
6140,
7474,
16251,
21500,
43rd,1
59th,1
8th,1
Glendale,1
Veteran,1
Western,1
1615,
11201,
12216,
13900,
Plummer,1
WILSHIRE,1
136,
1017,
1300,
1501,
2200,
2400,
4920,
8334,
9111,
14535,
38th,1
40th,1
Barranca,1
Exposition,1
Hollywood,1
Oxnard,1
Park,1
Van,1
817,
3062,
10640,
11133,
12201,
14201,
15611,
28th,1
Cesar,1
Gage,1
Hoover,1
Vine,1
102,
323,
456,
700,
1533,
3700,
4700,
4739,
4800,
6700,
7101,
7301,
8311,
8822,
9700,
10319,
11755,
12780,
14537,
18424,
16th,1
Broad,1
Gower,1
Juanita,1
MacArthur,1
326,
589,
646,
1214,
1400,
1700,
6874,
7140,
7241,
8601,
10833,
13593,
14407,
14801,
17th,1
Lincoln,1
Melrose,1
Slauson,1
SUNSET,1
1201,
1415,
1900,
2247,
2642,
7651,
7744,
7951,
10501,
11156,
11541,
15319,
Bonnie,1
Corbin,1
Gault,1
McCadden,1
Sycamore,1
152,
905,
1013,
1710,
1750,
4503,
4855,
6500,
6850,
7323,
7330,
7815,
9925,
14400,
16230,
Bagley,1
Centinela,1
Ivar,1
Manhattan,1
Parkview,1
St,1
760,
3201,
3233,
8701,
8910,
10901,
13500,
47th,1
Burbank,1
Las,1
MCCADDEN,1
Tujunga,1
wilshire,1
110,
301,
316,
550,
1200,
1240,
1425,
2300,
3021,
5385,
7310,
7433,
7709,
12961,
13116,
18425,
22606,
31st,1
Hayvenhurst,1
Paloma,1
351,
633,
1561,
2310,
2610,
3100,
4500,
4509,
5001,
6002,
9960,
12085,
12612,
15th,1
18th,1
Aetna,1
Gamble,1
LA,1
Lodi,1
Maple,1
Pacific,1
Remick,1
Saticoy,1
Stanford/Gladys,1
1,
123,
420,
520,
1512,
2500,
2770,
3214,
5900,
6101,
6740,
7100,
7300,
12241,
12950,
13533,
14300,
14402,
12th,1
35th,1
41st,1
45th,1
Franklin,1
HIGHLAND,1
Jefferson,1
Reseda,1
sunset,1
Yucca,1
333,
643,
839,
935,
943,
1122,
1524,
1630,
7040,
7919,
9600,
10799,
11446,
13864,
14868,
15227,
16599,
Deering,1
Ethel,1
River,1
Sawtelle,1
Verdugo,1
Victory,1
128,
153,
325,
452,
650,
651,
654,
731,
1925,
2520,
2600,
3416,
5401,
7441,
7771,
7789,
8115,
9122,
9156,
9207,
9300,
9420,
10600,
10601,
11811,
12214,
14500,
17900,
19325,
23rd,1
COLDWATER,1
Jordan,1
Lyman,1
Magnolia,1
St.,1
Ventura,1
Westmoreland,1
340,
412,
535,
751,
911,
1401,
1811,
1926,
2010,
2301,
2765,
2800,
3118,
3207,
3479,
3829,
3840,
4633,
5413,
5901,
6552,
6840,
8200,
8723,
9140,
9724,
9936,
10125,
10889,
11624,
12121,
13114,
13253,
13925,
14320,
15600,
15815,
16801,
21701,
21921,
87th,1
Avalon,1
Beaudry,1
Bronson,1
Moulton,1
OLYMPIC,1
TBD,1
Towne/3rd/Main,1
Winnetka,1
Woodman,1
225,
311,
320,
330,
336,
372,
595,
739,
759,
1487,
1550,
1553,
2239,
3200,
3224,
4910,
6800,
6801,
6908,
7560,
8230,
8580,
8620,
9025,
9525,
9636,
10940,
11001,
11565,
12511,
14412,
19755,
20999,
21988,
11th,1
259th,1
AVE,1
Blaine,1
Burlington,1
Chandler,1
Coronado,1
Crocker/Agatha/Kohler,1
Fountain,1
Fulton,1
Glenoaks,1
Independence,1
Marmion,1
National,1
schraeder,1
VERMONT,1
Wall/San,1
124,
151,
397,
408,
421,
440,
506,
601,
626,
660,
668,
701,
718,
816,
820,
987,
1416,
1419,
1712,
3911,
4009,
4203,
4341,
4625,
5335,
5349,
6538,
6722,
6900,
7236,
7509,
7754,
7800,
8003,
8100,
9320,
9631,
9822,
10147,
10610,
10707,
11263,
11629,
12203,
13374,
16740,
19973,
23124,
3RD,1
42nd,1
62nd,1
Allesandro,1
Balboa,1
Brookhaven,1
Canoga,1
Gaffey,1
Harcourt,1
Hyperion,1
Liberty,1
Success,1
Westlake,1
118,
125,
145,
149,
315,
321,
404,
410,
431,
432,
510,
515,
811,
1025,
1035,
1313,
1315,
1429,
1438,
1810,
2001,
2212,
2215,
2333,
2414,
2803,
4639,
5343,
5400,
5701,
5917,
5960,
6020,
6030,
6038,
6227,
6609,
7114,
7224,
7667,
7880,
7909,
10051,
10208,
10884,
11275,
11300,
12224,
12922,
12959,
13540,
21540,
84th,1
Adams,1
BEVERLY,1
DTLA,1
Durango,1
Gilmore,1
Gladys,1
Haskell,1
Kittridge,1
Lafayette,1
OCEAN,1
PCH,1
SAN,1
White,1
108,
115,
120,
146,
221,
230,
234,
260,
312,
352,
359,
419,
423,
425,
546,
714,
728,
732,
823,
841,
909,
1023,
1115,
1131,
1218,
1270,
1310,
1516,
1645,
1801,
1915,
1918,
2000,
2019,
2340,
3423,
3727,
3839,
4222,
5708,
5969,
6100,
6464,
6734,
6821,
6860,
7235,
7659,
7782,
8040,
8085,
8320,
8450,
8767,
9110,
9277,
9500,
10300,
10340,
10741,
11028,
12244,
13942,
14512,
14899,
15630,
20521,
23023,
25th,1
92nd,1
Blackburn,1
Culver,1
EL,1
Gramercy,1
Hill,1
James,1
Lotus,1
Oak,1
PARK,1
Raymer,1
Sharp,1
Skid,1
Willoughby,1
322,
427,
428,
615,
636,
649,
723,
740,
743,
815,
833,
921,
923,
1011,
1030,
1221,
1230,
1299,
1340,
1349,
1414,
1626,
1719,
1823,
1824,
1830,
1901,
1919,
2002,
2101,
2201,
2230,
2338,
2612,
2706,
2901,
3191,
3227,
3310,
3351,
3500,
3510,
3600,
3850,
4303,
4350,
4580,
5170,
5634,
6001,
6855,
6857,
7000,
7041,
7200,
7503,
7601,
7610,
7901,
8025,
8065,
8069,
8106,
8216,
8350,
8401,
8652,
9035,
9117,
9616,
10133,
10900,
11465,
11554,
12125,
13927,
13972,
14345,
14444,
14556,
14715,
15333,
15698,
15902,
18300,
20540,
20655,
20900,
20998,
21101,
21900,
23099,
23130,
32nd,1
55th,1
Aliso,1
Amador,1
ave,1
Bassett,1
CD,1
Chatsworth,1
CHEROKEE,1
Emerald,1
Essex,1
GLENDALE,1
Griffin,1
Gulch,1
highland,1
Jasmine,1
Kadota,1
lankershim,1
LYMAN,1
MILITARY,1
Myra,1
Ohio,1
Olive,1
Overland,1
OXNARD,1
Reedley,1
Ruffner,1
Tampa,1
Tyrone,1
VERDUGO,1
Vernon,1
Virgil,1
10,
21,
139,
206,
339,
445,
450,
619,
661,
694,
695,
745,
758,
929,
944,
949,
1001,
1020,
1050,
1101,
1152,
1211,
1219,
1250,
1301,
1311,
1314,
1329,
1420,
1421,
1428,
1430,
1614,
1620,
1756,
1818,
1840,
2005,
2111,
2120,
2335,
2430,
2478,
2480,
2555,
2920,
3501,
3628,
3826,
3900,
4030,
4036,
4416,
4550,
4598,
4815,
5411,
5617,
5638,
5860,
6000,
6210,
6298,
6650,
6702,
6727,
6818,
7215,
7400,
7401,
8009,
8201,
8318,
8325,
8332,
8361,
8398,
8416,
8471,
8600,
8660,
8847,
8900,
8931,
9051,
9171,
9531,
9719,
9765,
10451,
11000,
11025,
11032,
11155,
11211,
11232,
11264,
11400,
11451,
11501,
11655,
12300,
12320,
12500,
12514,
12600,
14439,
15314,
15650,
15690,
17063,
18333,
19351,
20041,
20244,
21051,
4TH,1
Alfred,1
alhambra,1
BLAINE,1
CAHUENGA,1
Cahunega,1
coldwater,1
De,1
Erwin,1
Fairfax,1
Foothill,1
Grand/Flower,1
humboldt,1
LANKERSHIM,1
Long,1
Madison,1
Morella,1
Naomi,1
Paxton,1
RIVERSIDE,1
Robertson,1
Rodney,1
SEPULVEDA,1
Shatto,1
Strathern,1
Temple,1
Topanga,1
Towne/Stanford/Gladys/Ceres,1
Vose,1
Westchester,1
Whitsett,1
Wyandotte,1
5,
31,
114,
117,
182,
204,
217,
224,
313,
318,
328,
342,
344,
385,
388,
403,
405,
415,
422,
514,
529,
610,
616,
620,
637,
642,
648,
671,
672,
680,
716,
729,
800,
828,
835,
972,
1014,
1015,
1100,
1123,
1154,
1224,
1227,
1399,
1442,
1515,
1526,
1543,
1616,
1624,
1667,
1731,
1744,
1815,
1832,
1834,
2175,
2245,
2432,
2501,
2700,
2815,
2927,
3012,
3031,
3049,
3300,
3377,
3768,
3930,
4000,
4062,
4450,
4905,
5000,
5206,
5346,
5529,
5569,
5603,
5621,
5627,
5630,
5839,
6031,
6121,
6152,
6419,
6515,
6518,
6643,
6682,
6710,
6854,
6910,
6921,
7123,
7127,
7631,
7833,
7875,
7963,
8000,
8030,
8101,
8331,
8700,
8702,
8730,
8735,
8851,
9045,
9200,
9452,
9754,
9833,
9855,
10234,
10723,
10751,
10787,
10807,
10830,
11020,
11040,
11165,
11480,
11533,
11545,
12304,
12505,
13310,
13605,
13606,
14165,
14510,
14517,
14538,
14600,
14701,
15200,
15446,
15620,
15641,
17055,
19801,
19945,
20501,
20750,
20939,
20941,
21601,
116th,1
22nd,1
83rd,1
ALVARADO,1
Anaheim,1
AVENUE,1
Barrington,1
Bellevue,1
Burton,1
Cashio,1
Century,1
Ceres,1
cesar,1
Coral,1
el,1
EMERALD,1
Etiwanda,1
Filmore,1
Grand/,1
Heliotrope,1
HOPE,1
Humbolt,1
IVAR,1
juanita,1
KITTRIDGE,1
Leimert,1
Manchester,1
Mansfield,1
McGarry,1
Nebraska,1
Oakwood,1
Osborne,1
Silverlake,1
tujunga,1
VAN,1
Vendome,1
venice,1
vine,1
vineland,1
westmoreland,1
Wilcox,1
,
109,
202,
205,
240,
242,
244,
314,
337,
418,
435,
443,
460,
517,
528,
543,
570,
614,
623,
632,
635,
664,
685,
706,
712,
721,
725,
727,
730,
746,
868,
916,
917,
919,
925,
930,
936,
973,
1016,
1027,
1029,
1031,
1033,
1041,
1057,
1110,
1120,
1133,
1140,
1179,
1204,
1212,
1229,
1243,
1252,
1317,
1357,
1380,
1411,
1418,
1424,
1433,
1439,
1440,
1521,
1540,
1641,
1651,
1725,
1728,
1737,
1762,
1805,
1868,
1917,
1930,
2016,
2032,
2131,
2140,
2150,
2204,
2211,
2216,
2321,
2401,
2407,
2444,
2527,
2615,
2801,
2915,
2966,
3005,
3016,
3061,
3140,
3208,
3220,
3226,
3301,
3320,
3353,
3421,
3425,
3598,
3625,
3716,
3735,
3800,
3811,
3814,
3910,
4015,
4044,
4081,
4100,
4313,
4409,
4457,
4525,
4541,
4606,
4701,
4892,
5011,
5342,
5388,
5410,
5465,
5470,
5592,
5600,
5601,
5710,
6037,
6085,
6215,
6234,
6340,
6413,
6420,
6498,
6502,
6611,
6633,
6651,
6723,
6837,
7106,
7111,
7125,
7130,
7132,
7148,
7170,
7223,
7225,
7237,
7332,
7816,
8053,
8066,
8098,
8099,
8110,
8151,
8316,
8501,
8522,
8621,
8707,
8740,
8866,
9016,
9036,
9050,
9229,
9240,
9368,
9425,
9547,
9601,
9793,
9808,
9901,
10141,
10155,
10226,
10450,
10599,
10607,
10713,
10800,
10974,
11121,
11223,
11239,
11250,
11251,
11298,
11656,
11681,
11701,
11798,
11800,
12016,
12082,
12136,
12239,
12508,
12580,
13189,
13315,
13340,
13782,
13850,
14437,
14515,
14536,
14832,
14860,
15334,
15637,
15658,
16545,
18499,
19840,
20122,
20500,
20729,
20801,
20933,
21450,
21521,
21530,
22633,
22641,
24411,
25012,
10TH,1
115th,1
12TH,1
2nd,1
30th,1
56th,1
6th/Ceres,1
94th,1
abh,
Agatha,1
Alondra,1
Arroyo,1
Beverlywood,1
Branford,1
Budlong,1
cahuenga,1
CENTINELA,1
Cherokee,1
City,1
Crocker/Central/Industrial,1
Croft,1
Doble,1
Estrella,1
Eton,1
Florence,1
FULTON,1
GOWER,1
grand,1
Harlow,1
Hooper,1
HOOVER,1
Huntington,1
JAMES,1
Kohler,1
LAS,1
lodi,1
Marathon,1
Mildred,1
MOORPARK,1
moorpark,1
Normandie,1
OAKWOOD,1
Palos,1
PARTHENIA,1
Penmar,1
Petit,1
Prairie,1
Romaine,1
ROSE,1
Selig,1
tbd,1
Union,1
Victor,1
VINELAND,1
wall,1
WESTMORELAND,1
Willow,1
Willowbrook,1
woodman,1
15,
17,
106,
116,
127,
133,
142,
154,
165,
179,
198,
218,
220,
222,
226,
227,
231,
245,
261,
303,
304,
319,
331,
334,
349,
355,
358,
360,
407,
424,
430,
438,
441,
470,
480,
503,
505,
507,
511,
523,
542,
544,
566,
607,
611,
618,
621,
629,
631,
640,
658,
666,
675,
681,
690,
710,
722,
741,
742,
770,
801,
805,
826,
830,
837,
901,
904,
914,
928,
942,
945,
963,
985,
989,
991,
1026,
1034,
1037,
1052,
1055,
1125,
1127,
1136,
1172,
1226,
1234,
1242,
1292,
1325,
1345,
1410,
1423,
1435,
1464,
1506,
1528,
1531,
1535,
1606,
1619,
1627,
1628,
1650,
1660,
1665,
1685,
1703,
1715,
1720,
1738,
1807,
1835,
1836,
1837,
1850,
1898,
1909,
1921,
1929,
1960,
1980,
2030,
2043,
2121,
2122,
2183,
2187,
2202,
2203,
2209,
2320,
2422,
2435,
2437,
2443,
2446,
2453,
2459,
2495,
2515,
2613,
2616,
2751,
2768,
2795,
2799,
2841,
2910,
2930,
3010,
3098,
3221,
3260,
3317,
3321,
3350,
3398,
3406,
3420,
3555,
3714,
3775,
3819,
3845,
3847,
3865,
3929,
3956,
4226,
4319,
4375,
4376,
4388,
4501,
4506,
4518,
4545,
4551,
4627,
4631,
4632,
4635,
4713,
4801,
4841,
5142,
5150,
5198,
5200,
5416,
5433,
5511,
5525,
5650,
5829,
5842,
5843,
5873,
5920,
6015,
6050,
6078,
6130,
6238,
6310,
6320,
6335,
6535,
6716,
6728,
6751,
6829,
6903,
7005,
7122,
7151,
7251,
7428,
7700,
7907,
8088,
8130,
8315,
8410,
8483,
8617,
8728,
8799,
8801,
8939,
8970,
8971,
9000,
9005,
9024,
9044,
9062,
9160,
9400,
9421,
9523,
9710,
10270,
10309,
10313,
10345,
10398,
10400,
10482,
10498,
10602,
10767,
10956,
11051,
11055,
11150,
11163,
11200,
11217,
11231,
11311,
11361,
11428,
11434,
11473,
11559,
11600,
11664,
11846,
11914,
12006,
12120,
12240,
12333,
12420,
12450,
12515,
12532,
12864,
12975,
13400,
13460,
13700,
13815,
14258,
14347,
14447,
14533,
14557,
14660,
14667,
14712,
14757,
14920,
15102,
15222,
15303,
15353,
15624,
15724,
16301,
18100,
18245,
18322,
18450,
18463,
18468,
19661,
19975,
20051,
20116,
20131,
20555,
20701,
21501,
21511,
21727,
21825,
21968,
21970,
108th,1
16TH,1
37th,1
48th,1
60th,1
67th,1
6TH,1
Alameda,1
Arcadia,1
Artesian,1
Basset,1
Berendo,1
Bledsoe,1
Canterbury,1
CARE,1
Casitas,1
CD1,1
Cedros,1
Central,1
Channing,1
CIVIC,1
Council,1
Crocker/Central,1
DE,1
Detroit,1
Dudley,1
Electric,1
FRANKLIN,1
fulton,1
Graham,1
GRIFFIN,1
Griffith,1
Harold,1
Havenhurst,1
Hillcrest,1
hollywood,1
Holt,1
HUMBOLDT,1
Inglewood,1
JUANITA,1
Judge,1
Kilkea,1
Lindblade,1
Lorraine,1
MADISON,1
MANHATTAN,1
McCoy,1
Newton,1
Oceanfront,1
Odin,1
Oso,1
oxnard,1
Pasadena,1
Pendleton,1
Poinsettia,1
RESEDA,1
Reservoir,1
riverside,1
SANTA,1
Sarah,1
sepulveda,1
sherman,1
Stagg,1
Sunland,1
Sylmar,1
Talmadge,1
Tennessee,1
Tiny,1
van,1
Variel,1
vermont,1
VETERAN,1
VICTOR,1
Waring,1
West,1
western,1
Whitnall,1
Wilton,1
7,
42,
72,
88,
94,
98,
111,
122,
131,
134,
147,
150,
159,
175,
209,
211,
214,
229,
233,
241,
259,
302,
332,
341,
343,
345,
354,
370,
406,
417,
433,
434,
442,
449,
455,
457,
483,
502,
522,
532,
541,
548,
576,
602,
605,
606,
609,
612,
617,
628,
634,
656,
688,
717,
720,
733,
738,
744,
748,
756,
798,
804,
812,
818,
822,
824,
829,
838,
860,
862,
903,
915,
932,
933,
939,
950,
952,
970,
975,
1005,
1007,
1008,
1010,
1021,
1040,
1051,
1053,
1056,
1071,
1106,
1121,
1130,
1132,
1137,
1141,
1146,
1158,
1208,
1216,
1233,
1246,
1306,
1319,
1320,
1337,
1362,
1368,
1393,
1403,
1417,
1456,
1465,
1480,
1508,
1518,
1525,
1530,
1571,
1602,
1607,
1610,
1612,
1617,
1622,
1635,
1638,
1639,
1655,
1681,
1683,
1698,
1702,
1714,
1721,
1722,
1727,
1733,
1753,
1760,
1772,
1780,
1821,
1827,
1842,
1844,
1855,
1907,
1924,
1945,
1950,
1951,
1965,
1967,
2013,
2020,
2027,
2103,
2108,
2217,
2219,
2221,
2233,
2251,
2308,
2316,
2318,
2330,
2411,
2415,
2416,
2461,
2494,
2510,
2531,
2557,
2694,
2718,
2720,
2727,
2750,
2753,
2775,
2819,
2838,
2845,
2999,
3000,
3070,
3076,
3116,
3120,
3154,
3210,
3234,
3281,
3308,
3382,
3400,
3401,
3408,
3435,
3456,
3481,
3505,
3606,
3617,
3635,
3639,
3640,
3650,
3761,
3807,
3855,
3880,
4005,
4053,
4117,
4138,
4206,
4208,
4220,
4225,
4235,
4294,
4301,
4312,
4323,
4339,
4347,
4356,
4400,
4411,
4426,
4473,
4529,
4540,
4616,
4765,
4813,
4900,
5027,
5051,
5066,
5082,
5102,
5117,
5119,
5120,
5127,
5129,
5135,
5185,
5195,
5199,
5220,
5224,
5250,
5303,
5333,
5353,
5417,
5420,
5458,
5526,
5530,
5550,
5565,
5642,
5695,
5700,
5711,
5790,
5800,
5801,
5832,
5859,
5874,
5929,
5934,
5940,
6035,
6040,
6041,
6059,
6061,
6103,
6115,
6138,
6180,
6183,
6201,
6245,
6318,
6323,
6520,
6565,
6675,
6711,
6738,
6739,
6776,
6778,
6810,
6831,
6838,
6886,
6905,
6949,
7052,
7061,
7124,
7131,
7136,
7201,
7222,
7226,
7228,
7234,
7246,
7247,
7255,
7403,
7471,
7484,
7500,
7556,
7577,
7611,
7643,
7645,
7647,
7650,
7660,
7711,
7842,
7955,
8001,
8044,
8138,
8144,
8240,
8250,
8309,
8330,
8333,
8399,
8405,
8421,
8455,
8475,
8500,
8503,
8510,
8512,
8651,
8710,
8788,
8826,
8850,
8856,
8990,
9001,
9012,
9020,
9021,
9047,
9070,
9145,
9146,
9151,
9182,
9215,
9225,
9257,
9260,
9261,
9430,
9434,
9545,
9617,
9675,
9720,
9725,
9791,
9820,
10020,
10200,
10275,
10330,
10500,
10515,
10523,
10625,
10630,
10712,
10715,
10716,
10750,
10810,
10811,
10815,
10829,
10844,
10966,
11190,
11194,
11214,
11259,
11270,
11308,
11310,
11312,
11412,
11440,
11469,
11498,
11500,
11538,
11547,
11592,
11640,
11650,
11751,
11804,
11841,
11976,
12001,
12020,
12118,
12131,
12401,
12536,
12553,
12748,
12918,
12984,
13258,
13294,
13364,
13531,
13711,
13737,
13755,
13817,
13938,
14078,
14262,
14464,
14501,
14505,
14524,
14525,
14621,
14622,
14636,
14742,
14744,
14822,
15191,
15239,
15256,
15281,
15322,
15335,
15370,
15534,
15560,
15561,
15647,
15655,
15672,
15700,
15798,
15925,
16059,
16152,
16320,
16530,
16830,
16850,
17744,
18340,
18410,
18413,
18414,
18421,
18519,
19300,
19335,
19408,
19601,
19626,
19701,
19718,
19724,
19756,
19928,
20300,
20333,
20720,
20747,
20926,
20953,
21000,
21007,
21018,
21020,
21100,
21198,
21200,
21321,
21344,
21420,
21599,
21700,
21723,
22001,
22400,
23600,
24201,
25907,
14TH,1
168th,1
19th,1
20th,1
253rd,1
49TH,1
57th,1
58th,1
65th,1
68th,1
69th,1
70th,1
73rd,1
85th,1
88TH,1
96th,1
98th,1
99th,1
ADAMS,1
ALHAMBRA,1
amador,1
arcadia,1
BAGLEY,1
Bessemer,1
BLACKBURN,1
bradley,1
brookhaven,1
Cabrito,1
CARLOS,1
Carondelet,1
CASITAS,1
Catalpa,1
cherokee,1
Cole,1
Compton,1
CORONADO,1
Custer,1
DARBY,1
Denver,1
E.,1
Elmwood,1
Fallbrook,1
Farmdale,1
FOUNTAIN,1
Friar,1
glendale,1
GRAMERCY,1
GRAND,1
Grande,1
Harvard,1
Hatteras,1
Hervey,1
HOLLYWOOD,1
Itasca,1
Kester,1
Keswick,1
Killion,1
LAUREL,1
lexington,1
LIBERTY,1
Lilac,1
London,1
LONG,1
Lower,1
macarthur,1
manhattan,1
Mariposa,1
Mason,1
Mcadden,1
Milwood,1
Missouri,1
Myrtle,1
Navigation,1
New,1
OAK,1
olympic,1
Owensmouth,1
Ozone,1
parkview,1
Parnell,1
PICO,1
Rosewell,1
Roswell,1
Shoup,1
Shrader,1
SILVER,1
silverlake,1
SPRING,1
St.Andrews,1
Stadium,1
Standford,1
Superior,1
Terra,1
Thatcher,1
Tonopah,1
Towne/Stanford/Ceres/Gladys,1
Vanoween,1
Vassar,1
verdugo,1
VIRGIL,1
WALL,1
WALTON,1
Wilbur,1
ZONE,
4,
18,
23,
24,
45,
51,
56,
58,
87,
103,
144,
155,
170,
177,
185,
203,
236,
237,
238,
249,
250,
253,
272,
299,
305,
309,
327,
335,
346,
353,
356,
362,
369,
371,
375,
383,
387,
398,
402,
413,
414,
444,
448,
458,
461,
465,
467,
472,
473,
474,
475,
476,
492,
498,
499,
508,
509,
519,
521,
527,
530,
533,
539,
555,
572,
613,
627,
639,
647,
670,
676,
687,
696,
698,
709,
719,
737,
747,
769,
781,
799,
819,
827,
831,
836,
843,
844,
845,
849,
850,
853,
856,
857,
861,
865,
920,
924,
937,
938,
953,
955,
960,
965,
966,
976,
980,
983,
1004,
1012,
1024,
1036,
1042,
1047,
1048,
1054,
1059,
1099,
1102,
1116,
1126,
1147,
1151,
1157,
1161,
1168,
1185,
1193,
1210,
1215,
1251,
1254,
1256,
1304,
1308,
1309,
1316,
1318,
1323,
1324,
1327,
1338,
1352,
1370,
1373,
1376,
1412,
1413,
1453,
1454,
1466,
1489,
1507,
1520,
1522,
1541,
1547,
1555,
1556,
1558,
1566,
1570,
1603,
1611,
1621,
1640,
1646,
1649,
1661,
1686,
1707,
1716,
1718,
1729,
1736,
1746,
1749,
1755,
1776,
1784,
1798,
1802,
1804,
1808,
1813,
1825,
1826,
1841,
1845,
1852,
1854,
1908,
1912,
1914,
1931,
1937,
1941,
1947,
1959,
2007,
2015,
2021,
2025,
2026,
2035,
2037,
2078,
2098,
2099,
2100,
2116,
2156,
2172,
2205,
2218,
2222,
2264,
2324,
2329,
2332,
2345,
2346,
2361,
2403,
2412,
2425,
2440,
2448,
2455,
2468,
2533,
2535,
2538,
2554,
2618,
2623,
2629,
2633,
2638,
2649,
2701,
2710,
2711,
2717,
2723,
2738,
2807,
2808,
2810,
2843,
2877,
2885,
2904,
2905,
2914,
2949,
2950,
3001,
3008,
3013,
3017,
3020,
3027,
3033,
3066,
3067,
3073,
3141,
3225,
3272,
3306,
3307,
3315,
3326,
3342,
3384,
3415,
3441,
3460,
3516,
3548,
3601,
3616,
3619,
3629,
3666,
3680,
3681,
3718,
3722,
3729,
3742,
3750,
3772,
3781,
3809,
3815,
3828,
3834,
3860,
3883,
3901,
3921,
3923,
3950,
3952,
3955,
3959,
3962,
4001,
4018,
4024,
4035,
4063,
4076,
4101,
4104,
4114,
4116,
4122,
4151,
4161,
4170,
4200,
4243,
4248,
4263,
4299,
4315,
4320,
4354,
4359,
4363,
4410,
4419,
4422,
4424,
4454,
4476,
4493,
4505,
4510,
4513,
4533,
4555,
4561,
4575,
4600,
4603,
4612,
4619,
4645,
4653,
4691,
4740,
4757,
4780,
4798,
4812,
4840,
4873,
4901,
4904,
4927,
4935,
5003,
5055,
5069,
5079,
5085,
5110,
5122,
5162,
5163,
5164,
5174,
5175,
5188,
5218,
5226,
5316,
5321,
5352,
5379,
5398,
5423,
5425,
5426,
5430,
5437,
5443,
5448,
5474,
5490,
5500,
5509,
5516,
5520,
5555,
5588,
5619,
5620,
5631,
5632,
5636,
5643,
5655,
5671,
5686,
5703,
5707,
5712,
5717,
5718,
5727,
5743,
5744,
5746,
5809,
5816,
5827,
5838,
5846,
5850,
5858,
5877,
5880,
5906,
5907,
5925,
5951,
5958,
6010,
6011,
6014,
6021,
6047,
6053,
6060,
6107,
6120,
6134,
6148,
6150,
6198,
6204,
6206,
6301,
6311,
6331,
6351,
6353,
6385,
6400,
6401,
6403,
6422,
6423,
6428,
6462,
6477,
6501,
6510,
6511,
6514,
6521,
6530,
6545,
6579,
6601,
6618,
6630,
6707,
6743,
6748,
6750,
6760,
6779,
6820,
6826,
6828,
6830,
6847,
6877,
6899,
6901,
6914,
6938,
6965,
7011,
7021,
7031,
7064,
7068,
7115,
7118,
7120,
7134,
7142,
7218,
7230,
7231,
7232,
7249,
7333,
7398,
7417,
7456,
7502,
7505,
7536,
7550,
7628,
7634,
7652,
7655,
7662,
7663,
7703,
7710,
7723,
7777,
7796,
7801,
7811,
7820,
7825,
7830,
7845,
7861,
7917,
7970,
8012,
8023,
8035,
8050,
8054,
8055,
8120,
8129,
8146,
8203,
8301,
8339,
8341,
8352,
8360,
8395,
8425,
8430,
8456,
8485,
8505,
8525,
8530,
8560,
8563,
8584,
8611,
8612,
8615,
8631,
8642,
8654,
8655,
8665,
8714,
8720,
8756,
8758,
8765,
8785,
8810,
8844,
8885,
8911,
8930,
8936,
8954,
8956,
8960,
8967,
8985,
9009,
9037,
9042,
9090,
9130,
9131,
9201,
9205,
9245,
9251,
9330,
9334,
9396,
9405,
9415,
9453,
9457,
9555,
9579,
9580,
9604,
9614,
9639,
9644,
9655,
9707,
9714,
9715,
9727,
9736,
9740,
9741,
9880,
9918,
10017,
10079,
10100,
10115,
10123,
10201,
10230,
10232,
10239,
10299,
10338,
10401,
10416,
10420,
10428,
10440,
10445,
10606,
10611,
10615,
10622,
10627,
10644,
10663,
10822,
10832,
10860,
10957,
10965,
10967,
11033,
11036,
11050,
11060,
11101,
11126,
11129,
11168,
11182,
11185,
11204,
11207,
11216,
11289,
11301,
11320,
11328,
11340,
11407,
11408,
11423,
11431,
11441,
11455,
11505,
11524,
11535,
11601,
11603,
11620,
11714,
11715,
11717,
11722,
11723,
11728,
11736,
11744,
11774,
11817,
11840,
11901,
11975,
12000,
12010,
12015,
12023,
12035,
12172,
12218,
12219,
12329,
12421,
12444,
12445,
12551,
12567,
12681,
12715,
12755,
12847,
12849,
12853,
12857,
12915,
12919,
12929,
12977,
13001,
13060,
13133,
13162,
13180,
13200,
13241,
13245,
13264,
13399,
13412,
13433,
13520,
13541,
13598,
13600,
13626,
13706,
13736,
13745,
13754,
13819,
13821,
13901,
14000,
14032,
14047,
14124,
14232,
14298,
14346,
14371,
14410,
14417,
14423,
14516,
14519,
14520,
14523,
14526,
14529,
14530,
14539,
14540,
14543,
14602,
14651,
14700,
14709,
14718,
14743,
14746,
14812,
14815,
14840,
14917,
14924,
15009,
15016,
15037,
15155,
15238,
15245,
15259,
15262,
15275,
15316,
15317,
15345,
15407,
15548,
15553,
15644,
15654,
15729,
15735,
15828,
15835,
15903,
15939,
16056,
16065,
16147,
16148,
16155,
16300,
16400,
16405,
16723,
16923,
16927,
16953,
17631,
17801,
18050,
18135,
18157,
18231,
18242,
18328,
18398,
18400,
18429,
18431,
18441,
18449,
18486,
19151,
19237,
19337,
19401,
19608,
19666,
19700,
19753,
19951,
19963,
20001,
20055,
20100,
20101,
20127,
20202,
20250,
20338,
20350,
20351,
20355,
20449,
20931,
21001,
21109,
21111,
21129,
21221,
21318,
21330,
21333,
21400,
21416,
21625,
21690,
21901,
21909,
21943,
21945,
22000,
22311,
22316,
22500,
22544,
22611,
22715,
23001,
23011,
23111,
23133,
23609,
24511,
25841,
48049,
107th,1
110th,1
113th,1
114th,1
117th,1
11TH,1
17TH,1
1ST,1
24th,1
27th,1
2ND,1
31ST,1
40TH,1
41ST,1
43RD,1
59TH,1
5TH,1
79th,1
7TH,1
86th,1
89th,1
95th,1
AGATHA,1
Alexandria,1
ALLESANDRO,1
Allott,1
alvarado,1
AMADOR,1
any,1
Aqueduct,1
Ardmore,1
Arminta,1
ARTESIAN,1
Aura,1
BALBOA,1
Beatrice,1
BEAUDRY,1
Beloit,1
Berryman,1
BEVERLYWOOD,1
Boardwalk,1
BONNIE,1
bonnie,1
BROADWAY,1
Brunswick,1
budlong,1
Bundy,1
BUNKER,1
Bunker,1
BURTON,1
Cahenga,1
Camden,1
Canby,1
CANTLAY,1
Catalina,1
ceasar,1
CHANNING,1
channing,1
Chase,1
CHATSWORTH,1
Cohasset,1
Corisco,1
COSMOPOLITAN,1
Cozycroft,1
Crenshaw,1
Crocler,1
Darby,1
Debs,1
DEVONSHIRE,1
Eagle,1
Eastlake,1
Echo,1
EFFIE,1
Ellenwood,1
Emery,1
Esperanza,1
ETON,1
EXPOSITION,1
Fair,1
FLAG,1
Fletcher,1
Florance,1
FLOWER,1
Flower/,1
Forman,1
fountain,1
Frampton,1
Geneva,1
Gilroy,1
Gothic,1
gramercy,1
GRANVILLE,1
Granville,1
Greenbush,1
Harper,1
Hart,1
Hayworth,1
hoover,1
Hoyt,1
HUmboldt,1
ivar,1
JEFFERSON,1
JUDGE,1
Kent,1
Kholer,1
la,1
Lanzit,1
Leadwell,1
Leeward,1
Lemon,1
LEXINGTON,1
Lighthouse,1
Lillian,1
Lindley,1
Loma,1
Longbeach,1
LOS,1
madison,1
MAIN,1
main,1
"Main,",1
Maltman,1
marmion,1
Martin,1
MAUBERT,1
maubert,1
mcadden,1
mccadden,1
Mentone,1
Miranda,1
Montague,1
Moorepark,1
Myers,1
myra,1
NATIONAL,1
NW,1
OFW,1
PAXTON,1
Penrose,1
Pierce,1
Ponce,1
Poplar,1
Radio,1
Randall,1
RESERVOIR,1
reservoir,1
san,1
Sandison,1
SAWTELLE,1
Serrano,1
Sierra,1
Skidrow,1
Slawson,1
STANFORD,1
stanford,1
Stoner,1
Stranwood,1
Strong,1
SW,1
Town,1
TOWNE,1
UNION,1
Valley,1
ventura,1
Vesper,1
victor,1
Virginia,1
W.,1
Walll,1
WASHINGTON,1
Wellworth,1
WENTWORTH,1
Wentworth,1
westlake,1
Willington,1
willow,1
Willows,1
Wilmingon,1
wilmington,1
WIlshire,1
Witmer,1
Wlshire,1
xx,
York,1
zone,
2,
8,
16,
20,
27,
30,
39,
41.18,
43,
44,
52,
61,
65,
70,
76,
77,
81,
84,
91,
105,
107,
113,
119,
126,
129,
132,
135,
138,
143,
148,
157,
160,
161,
191,
192,
195,
199,
210,
213,
215,
216,
219,
228,
235,
239,
243,
246,
247,
252,
255,
257,
258,
265,
268,
269,
274,
289,
290,
296,
306,
324,
329,
338,
347,
348,
357,
361,
368,
373,
379,
399,
416,
426,
436,
439,
447,
451,
453,
454,
459,
462,
464,
481,
482,
486,
495,
504,
512,
513,
516,
524,
531,
534,
538,
540,
547,
554,
563,
585,
587,
590,
596,
599,
603,
624,
644,
652,
655,
657,
659,
663,
669,
677,
683,
689,
703,
704,
705,
707,
715,
724,
726,
750,
752,
754,
761,
762,
767,
772,
777,
782,
783,
785,
793,
802,
803,
810,
813,
814,
825,
840,
842,
847,
851,
852,
858,
863,
874,
876,
882,
894,
897,
899,
902,
907,
910,
926,
927,
940,
941,
958,
962,
967,
968,
981,
988,
993,
998,
999,
1002,
1009,
1018,
1019,
1028,
1032,
1038,
1044,
1060,
1061,
1063,
1069,
1074,
1077,
1080,
1086,
1089,
1105,
1114,
1117,
1119,
1124,
1128,
1138,
1153,
1159,
1163,
1164,
1167,
1169,
1173,
1176,
1180,
1190,
1199,
1202,
1207,
1209,
1217,
1223,
1225,
1235,
1237,
1239,
1241,
1253,
1262,
1266,
1268,
1277,
1279,
1302,
1303,
1305,
1321,
1322,
1326,
1330,
1331,
1334,
1335,
1336,
1341,
1343,
1344,
1346,
1351,
1358,
1360,
1363,
1365,
1369,
1375,
1377,
1388,
1389,
1390,
1406,
1408,
1422,
1427,
1431,
1441,
1446,
1450,
1451,
1455,
1462,
1471,
1472,
1478,
1479,
1482,
1485,
1498,
1504,
1505,
1510,
1513,
1514,
1527,
1534,
1542,
1549,
1559,
1562,
1563,
1565,
1568,
1577,
1590,
1598,
1599,
1605,
1609,
1618,
1623,
1631,
1633,
1634,
1643,
1644,
1654,
1659,
1663,
1669,
1670,
1671,
1675,
1676,
1677,
1699,
1705,
1709,
1711,
1717,
1724,
1726,
1730,
1732,
1735,
1740,
1741,
1742,
1743,
1745,
1747,
1751,
1752,
1754,
1767,
1771,
1781,
1788,
1789,
1806,
1812,
1814,
1816,
1817,
1822,
1829,
1848,
1856,
1858,
1866,
1871,
1890,
1902,
1903,
1905,
1911,
1922,
1927,
1934,
1935,
1942,
1943,
1944,
1946,
1952,
1955,
1956,
1957,
1968,
1972,
1975,
2003,
2014,
2017,
2031,
2033,
2042,
2047,
2071,
2077,
2109,
2118,
2130,
2142,
2143,
2144,
2158,
2177,
2189,
2190,
2199,
2208,
2214,
2223,
2225,
2232,
2240,
2241,
2246,
2250,
2254,
2269,
2302,
2315,
2325,
2331,
2334,
2342,
2343,
2348,
2351,
2355,
2366,
2371,
2377,
2408,
2418,
2420,
2421,
2423,
2426,
2429,
2447,
2449,
2450,
2451,
2452,
2454,
2462,
2463,
2464,
2477,
2507,
2508,
2509,
2514,
2516,
2519,
2521,
2530,
2546,
2552,
2556,
2571,
2601,
2602,
2611,
2614,
2622,
2630,
2635,
2636,
2639,
2670,
2696,
2699,
2707,
2714,
2721,
2733,
2737,
2740,
2755,
2756,
2763,
2772,
2809,
2812,
2813,
2820,
2827,
2828,
2832,
2833,
2850,
2860,
2867,
2869,
2886,
2902,
2903,
2907,
2908,
2909,
2924,
2929,
2932,
2936,
2940,
2948,
2952,
2957,
2967,
2970,
2971,
2974,
2996,
3002,
3006,
3007,
3011,
3015,
3019,
3024,
3030,
3035,
3036,
3040,
3051,
3054,
3056,
3057,
3059,
3060,
3081,
3102,
3105,
3112,
3115,
3117,
3119,
3124,
3125,
3130,
3131,
3146,
3151,
3163,
3167,
3223,
3228,
3250,
3251,
3255,
3261,
3270,
3271,
3277,
3280,
3304,
3311,
3324,
3325,
3330,
3336,
3339,
3341,
3354,
3355,
3361,
3364,
3369,
3379,
3407,
3409,
3411,
3413,
3414,
3417,
3419,
3427,
3438,
3440,
3446,
3449,
3450,
3452,
3454,
3455,
3457,
3461,
3462,
3464,
3465,
3480,
3483,
3497,
3498,
3507,
3513,
3515,
3518,
3522,
3525,
3526,
3535,
3551,
3565,
3568,
3585,
3586,
3602,
3611,
3615,
3621,
3626,
3631,
3644,
3652,
3656,
3660,
3671,
3674,
3682,
3691,
3698,
3704,
3707,
3711,
3712,
3723,
3725,
3732,
3737,
3741,
3745,
3754,
3756,
3760,
3762,
3765,
3770,
3785,
3788,
3803,
3808,
3813,
3817,
3818,
3825,
3827,
3831,
3833,
3841,
3848,
3851,
3871,
3875,
3898,
3915,
3928,
3940,
3957,
3977,
3989,
3990,
3993,
4003,
4010,
4011,
4016,
4017,
4021,
4031,
4041,
4055,
4056,
4060,
4061,
4065,
4075,
4082,
4111,
4121,
4123,
4125,
4133,
4140,
4153,
4156,
4158,
4160,
4167,
4185,
4201,
4211,
4212,
4213,
4214,
4215,
4216,
4224,
4233,
4254,
4255,
4256,
4272,
4282,
4300,
4304,
4305,
4308,
4314,
4326,
4333,
4342,
4344,
4345,
4349,
4352,
4361,
4362,
4368,
4371,
4377,
4385,
4404,
4425,
4427,
4435,
4440,
4441,
4444,
4451,
4461,
4497,
4504,
4508,
4512,
4514,
4516,
4517,
4520,
4524,
4526,
4527,
4531,
4532,
4543,
4565,
4574,
4581,
4607,
4611,
4617,
4620,
4637,
4643,
4648,
4654,
4671,
4673,
4699,
4705,
4709,
4731,
4743,
4799,
4802,
4806,
4809,
4818,
4821,
4823,
4824,
4827,
4830,
4831,
4832,
4835,
4846,
4851,
4857,
4858,
4861,
4884,
4925,
4934,
4948,
4953,
5008,
5014,
5020,
5025,
5029,
5037,
5041,
5042,
5044,
5050,
5058,
5060,
5073,
5078,
5104,
5105,
5109,
5111,
5114,
5115,
5121,
5124,
5132,
5136,
5139,
5148,
5149,
5161,
5201,
5210,
5219,
5258,
5260,
5270,
5306,
5311,
5315,
5338,
5340,
5355,
5362,
5363,
5366,
5372,
5408,
5409,
5412,
5418,
5419,
5427,
5428,
5431,
5436,
5439,
5447,
5457,
5463,
5501,
5506,
5510,
5515,
5523,
5524,
5528,
5533,
5540,
5544,
5563,
5576,
5577,
5598,
5607,
5623,
5644,
5648,
5656,
5667,
5669,
5670,
5674,
5678,
5680,
5716,
5730,
5732,
5734,
5735,
5740,
5742,
5770,
5772,
5804,
5818,
5820,
5828,
5834,
5840,
5841,
5855,
5862,
5864,
5876,
5882,
5915,
5919,
5921,
5924,
5927,
5928,
5930,
5931,
5941,
5942,
5945,
5949,
5953,
5959,
5961,
5990,
6008,
6017,
6019,
6024,
6027,
6045,
6051,
6054,
6055,
6066,
6069,
6070,
6072,
6075,
6080,
6086,
6090,
6092,
6104,
6108,
6110,
6112,
6128,
6131,
6132,
6133,
6135,
6145,
6167,
6170,
6199,
6200,
6202,
6207,
6209,
6228,
6232,
6240,
6241,
6242,
6256,
6258,
6277,
6291,
6302,
6304,
6307,
6314,
6315,
6317,
6324,
6327,
6329,
6345,
6347,
6355,
6360,
6363,
6365,
6369,
6371,
6372,
6406,
6408,
6410,
6430,
6435,
6446,
6449,
6451,
6453,
6454,
6467,
6509,
6536,
6537,
6540,
6550,
6567,
6588,
6605,
6610,
6617,
6621,
6626,
6631,
6638,
6640,
6663,
6666,
6670,
6687,
6705,
6706,
6712,
6714,
6715,
6717,
6718,
6720,
6721,
6724,
6726,
6731,
6735,
6736,
6745,
6752,
6756,
6758,
6766,
6770,
6781,
6785,
6798,
6802,
6806,
6809,
6813,
6819,
6825,
6835,
6846,
6848,
6849,
6856,
6859,
6865,
6875,
6902,
6915,
6924,
6925,
6926,
6935,
6942,
6950,
6955,
6959,
6963,
6970,
7001,
7020,
7024,
7026,
7033,
7038,
7044,
7050,
7055,
7056,
7062,
7063,
7102,
7109,
7116,
7117,
7119,
7121,
7129,
7138,
7139,
7141,
7143,
7145,
7147,
7152,
7153,
7154,
7157,
7160,
7161,
7175,
7180,
7184,
7205,
7213,
7219,
7221,
7238,
7244,
7252,
7256,
7257,
7305,
7308,
7311,
7322,
7326,
7329,
7337,
7344,
7347,
7350,
7358,
7359,
7383,
7399,
7420,
7421,
7430,
7435,
7447,
7455,
7470,
7501,
7508,
7516,
7519,
7530,
7538,
7542,
7545,
7546,
7548,
7569,
7570,
7575,
7608,
7616,
7618,
7630,
7635,
7637,
7638,
7720,
7721,
7727,
7733,
7745,
7746,
7759,
7762,
7766,
7804,
7805,
7808,
7810,
7812,
7821,
7824,
7832,
7835,
7851,
7855,
7891,
7895,
7930,
7931,
7935,
7942,
7945,
7947,
7956,
7979,
7990,
8043,
8061,
8075,
8080,
8084,
8090,
8104,
8114,
8125,
8126,
8134,
8136,
8143,
8147,
8152,
8154,
8155,
8156,
8160,
8161,
8163,
8171,
8202,
8209,
8211,
8224,
8252,
8257,
8260,
8261,
8277,
8283,
8305,
8312,
8317,
8344,
8345,
8358,
8375,
8383,
8386,
8391,
8400,
8406,
8412,
8422,
8423,
8438,
8442,
8446,
8449,
8451,
8454,
8460,
8466,
8502,
8511,
8514,
8516,
8524,
8526,
8527,
8528,
8529,
8547,
8552,
8556,
8559,
8565,
8569,
8592,
8602,
8610,
8616,
8619,
8625,
8627,
8630,
8634,
8638,
8639,
8641,
8656,
8659,
8667,
8668,
8679,
8706,
8709,
8711,
8717,
8718,
8725,
8731,
8737,
8761,
8771,
8793,
8808,
8811,
8814,
8816,
8831,
8836,
8843,
8846,
8855,
8867,
8869,
8873,
8880,
8901,
8908,
8927,
8940,
8941,
8943,
8946,
8947,
8957,
8966,
8975,
8983,
9002,
9008,
9019,
9046,
9048,
9053,
9060,
9103,
9120,
9121,
9129,
9133,
9134,
9141,
9148,
9165,
9184,
9220,
9243,
9262,
9275,
9291,
9309,
9326,
9338,
9345,
9361,
9375,
9376,
9377,
9401,
9409,
9424,
9435,
9440,
9444,
9455,
9499,
9501,
9510,
9520,
9530,
9534,
9546,
9556,
9563,
9578,
9602,
9622,
9623,
9640,
9642,
9689,
9706,
9717,
9722,
9730,
9733,
9735,
9745,
9748,
9750,
9777,
9789,
9801,
9804,
9805,
9806,
9828,
9830,
9831,
9839,
9870,
9900,
9907,
9908,
9909,
9910,
9920,
9935,
9938,
9939,
9955,
9998,
10004,
10006,
10013,
10021,
10028,
10040,
10041,
10102,
10111,
10113,
10150,
10151,
10206,
10211,
10213,
10220,
10221,
10244,
10260,
10310,
10312,
10315,
10329,
10331,
10335,
10341,
10348,
10372,
10374,
10403,
10411,
10412,
10425,
10454,
10474,
10502,
10505,
10507,
10510,
10521,
10522,
10598,
10616,
10620,
10623,
10624,
10626,
10628,
10638,
10661,
10667,
10675,
10690,
10698,
10701,
10711,
10717,
10720,
10725,
10726,
10730,
10737,
10778,
10805,
10809,
10838,
10850,
10855,
10858,
10861,
10867,
10868,
10871,
10876,
10909,
10917,
10928,
10932,
10933,
10944,
10950,
10960,
10970,
10979,
11013,
11015,
11021,
11023,
11026,
11030,
11039,
11042,
11053,
11069,
11078,
11103,
11114,
11120,
11124,
11127,
11128,
11173,
11174,
11177,
11192,
11198,
11203,
11220,
11222,
11229,
11230,
11236,
11240,
11257,
11258,
11261,
11267,
11268,
11271,
11277,
11285,
11315,
11329,
11330,
11331,
11333,
11342,
11355,
11358,
11360,
11385,
11410,
11432,
11437,
11443,
11445,
11448,
11449,
11456,
11461,
11475,
11486,
11508,
11511,
11516,
11518,
11530,
11531,
11537,
11539,
11557,
11561,
11568,
11590,
11599,
11604,
11611,
11626,
11636,
11643,
11645,
11660,
11662,
11666,
11672,
11674,
11708,
11710,
11721,
11724,
11727,
11742,
11756,
11757,
11770,
11802,
11814,
11815,
11820,
11827,
11830,
11859,
11890,
11900,
11924,
11940,
11981,
12008,
12024,
12031,
12033,
12042,
12059,
12080,
12083,
12101,
12103,
12113,
12117,
12130,
12134,
12143,
12171,
12178,
12183,
12212,
12215,
12217,
12222,
12225,
12232,
12265,
12311,
12315,
12322,
12331,
12355,
12360,
12375,
12412,
12439,
12449,
12460,
12465,
12466,
12470,
12485,
12506,
12521,
12541,
12544,
12547,
12554,
12556,
12566,
12585,
12589,
12598,
12601,
12604,
12607,
12610,
12611,
12650,
12668,
12672,
12685,
12699,
12700,
12710,
12717,
12723,
12727,
12740,
12777,
12798,
12823,
12863,
12870,
12874,
12900,
12901,
12931,
12955,
13030,
13037,
13052,
13073,
13090,
13100,
13107,
13120,
13130,
13144,
13185,
13203,
13215,
13222,
13231,
13240,
13256,
13302,
13320,
13324,
13331,
13333,
13334,
13361,
13404,
13406,
13424,
13450,
13499,
13503,
13510,
13515,
13521,
13559,
13560,
13594,
13607,
13618,
13619,
13641,
13650,
13653,
13690,
13712,
13740,
13769,
13770,
13801,
13838,
13861,
13865,
13889,
13906,
13936,
13996,
13998,
14041,
14045,
14048,
14070,
14100,
14107,
14177,
14200,
14202,
14220,
14231,
14233,
14243,
14253,
14260,
14263,
14301,
14303,
14350,
14355,
14358,
14401,
14411,
14415,
14416,
14418,
14430,
14431,
14432,
14435,
14436,
14440,
14445,
14446,
14453,
14485,
14518,
14521,
14532,
14542,
14545,
14547,
14551,
14552,
14607,
14618,
14623,
14624,
14643,
14650,
14697,
14703,
14717,
14730,
14732,
14733,
14747,
14769,
14811,
14823,
14828,
14836,
14844,
14850,
14876,
14944,
14950,
14955,
15000,
15057,
15071,
15079,
15154,
15174,
15208,
15216,
15220,
15243,
15251,
15263,
15300,
15311,
15315,
15320,
15329,
15332,
15350,
15351,
15385,
15392,
15420,
15443,
15530,
15549,
15554,
15555,
15557,
15587,
15599,
15621,
15642,
15643,
15645,
15651,
15670,
15703,
15711,
15733,
15734,
15747,
15755,
15759,
15800,
15802,
15822,
15823,
15857,
15858,
15950,
16037,
16101,
16123,
16134,
16142,
16153,
16160,
16161,
16201,
16215,
16350,
16399,
16459,
16500,
16535,
16558,
16600,
16601,
16604,
16631,
16640,
16643,
16651,
16711,
16713,
16729,
16744,
16800,
16815,
16852,
16861,
16915,
17001,
17017,
17018,
17030,
17037,
17062,
17100,
17101,
17200,
17257,
17520,
17529,
17623,
17637,
17656,
17701,
17704,
17711,
17825,
17840,
17922,
17946,
18001,
18035,
18043,
18120,
18133,
18138,
18148,
18159,
18219,
18225,
18230,
18233,
18238,
18327,
18330,
18344,
18372,
18392,
18399,
18401,
18435,
18438,
18440,
18443,
18452,
18454,
18460,
18501,
18508,
18510,
18514,
18515,
18518,
18520,
18522,
18525,
18530,
18598,
18601,
18631,
18646,
18658,
18739,
18746,
18750,
18752,
18801,
18810,
18816,
18840,
18915,
19001,
19040,
19050,
19156,
19158,
19161,
19234,
19336,
19355,
19417,
19448,
19463,
19517,
19533,
19550,
19620,
19624,
19651,
19655,
19657,
19681,
19712,
19721,
19736,
19745,
19747,
19748,
19749,
19758,
19800,
19808,
19954,
20141,
20148,
20151,
20152,
20200,
20201,
20234,
20258,
20310,
20320,
20366,
20401,
20406,
20420,
20429,
20438,
20456,
20519,
20550,
20600,
20601,
20611,
20710,
20723,
20730,
20760,
20800,
20821,
20840,
20925,
20942,
20956,
21029,
21061,
21108,
21110,
21121,
21213,
21240,
21243,
21257,
21300,
21306,
21310,
21339,
21350,
21351,
21358,
21360,
21364,
21430,
21434,
21535,
21604,
21620,
21622,
21659,
21661,
21699,
21707,
21730,
21800,
21820,
21821,
21823,
21923,
21935,
21948,
21995,
22007,
22045,
22104,
22123,
22136,
22200,
22300,
22315,
22325,
22430,
22436,
22600,
22629,
22635,
22637,
22700,
22701,
22705,
22708,
22741,
22802,
22831,
22916,
22972,
23025,
23100,
23230,
23530,
24251,
24336,
24500,
25129,
25218,
25711,
25840,
25889,
32021,
34216,
34871,
35341,
51111,
66098,
67965,
71647,
71655,
91115,
102780,
114511,
117000,
129207,
129529,
144437,
144444,
153335,
207500,
103rd,1
106th,1
10Th,1
111th,1
120th,1
140th,1
229th,1
23RD,1
28TH,1
28th/Hope:,1
29th,1
35TH,1
36th,1
38TH,1
43nd,1
4th`,1
50th,1
55TH,1
55th-,1
55th-51st,1
55th-56th,1
60TH,1
61st,1
67TH,1
6Th,1
6th/Wilshire,1
71st,1
74th,1
75TH,1
75th,1
78th,1
80th,1
83th,1
88Th,1
89TH,1
8TH,1
93rd,1
97th,1
9th,1
a,
aetna,1
Afton,1
ALABAMA,1
Alabama,1
ALAMEDA,1
Alba,1
Alhama,1
ALHAMBA,1
aliso,1
Alla,1
Alpine,1
alvarada,1
Alverado,1
Amestoy,1
Anahiem,1
angelus,1
Any,1
Aquaduct,1
Aqueeduct,1
Arapahoe,1
Archwood,1
Arcola,1
Arden,1
Argyle,1
argyle,1
Argyle/101,1
Arleta,1
Arlington,1
Armetia,1
Aroyo,1
Artesia,1
artesian,1
AVe,1
Ave.,1
Bagely,1
Bakman,1
Banning,1
Barbara,1
Barendo,1
Barnsdall,1
Barry,1
Barton,1
BASSETT,1
BEACON,1
Beacon/Palos,1
Beacon`,1
bellevue,1
Bellflower,1
Bellvenue,1
Bengal,1
Bentley,1
Benton,1
beverly,1
Blackhawk,1
Bluffside,1
Boadway,1
Boston,1
Boylston,1
Bradford,1
brandford,1
Bray,1
Breonson,1
broad,1
BRONSON,1
Buckingham,1
BUDLONG,1
bunker,1
bunkerhill,1
burbank,1
Burnet,1
bushwick,1
C,1
Cadiz,1
Caheunga,1
Califa,1
Calvert,1
Campion,1
canoga,1
Cantlay,1
Care,1
Care13,1
Care7,1
Care8,1
Carling,1
Carlota,1
Carlton,1
Carmelina,1
Cattaraugus,1
cd10,1
CD13,1
Ceaser,1
centinela,1
central,1
"Central,",1
Ceres/Gladys/Standford/Town,1
Ceres/Gladys/Stanford/Towne,1
Cerritos,1
Cezar,1
CHASE,1
Chicago,1
Cicic,1
Civec,1
Civi,1
Clarendon,1
Clayton,1
Clemson,1
Clover,1
Clovis,1
Clubhouse,1
Clybourn,1
Clyde,1
Cobalt,1
ColdWater,1
COLE,1
college,1
Collins,1
COMPTON,1
Connecticut,1
Corinth,1
CORNING,1
Cornith,1
coronado,1
Corondo,1
Cosmopolitan,1
cosmopolitan,1
COTNER,1
COUNCIL,1
Covello,1
Covention,1
CRENSHAW,1
crenshaw,1
Crewnshaw,1
Crocker/Kholer,1
Cumpston,1
Cypress,1
D,1
David,1
delongpre,1
Denny,1
DETROIT,1
Dilton,1
Dissinfection,1
Donmetz,1
East,1
EASTLAKE,1
ECHO,1
Edenhurst,1
Edgemont,1
EDINBURGH,1
Edinburgh,1
Ehtel,1
Elm,1
Elysian,1
emerald,1
ERWIN,1
ESSEX,1
Evergreen,1
exposition,1
Expostion,1
Expostition,1
Farralone,1
fFIRST,1
Fielding,1
Figueora,1
figueroa,1
First,1
Flores,1
flower,1
FOOTHILL,1
Francisco,1
franklin,1
Fremont,1
Fullbright,1
Fuller,1
Fullerton,1
Gaffery,1
GAGE,1
Gage-59th,1
Garden,1
Garland,1
Garth,1
garth,1
Gateway,1
Gaynor,1
geneva,1
Gladstone,1
Glady,1
Glady's,1
gladys,1
Glamis,1
Gledhill,1
GLENDON,1
glenoaks,1
Goodwin,1
Goulch,1
gower,1
Grammercy,1
Grandview,1
Greenfield,1
griffin,1
Griffth,1
Hancock,1
Hansen,1
Harry,1
Hartland,1
HASEN,1
HAYVENHURST,1
Hazeltine,1
Higland,1
Hiilhurst,1
hill,1
Hillhurst,1
Hollywood/Highland,1
homewood,1
HOOPER,1
hope,1
HopeSt,1
Hortense,1
Hughes,1
huntington,1
Huron,1
huron,1
Imerpial,1
IMPERIAL,1
imperial,1
INDEPENDENCE,1
Industrial,1
INEZ,1
INGRAHAM,1
james,1
Janita,1
Jasamine,1
JUAINTA,1
Kagel,1
Kenmore,1
Kenwood,1
KILLION,1
"Kohler,",1
Labrea,1
Laconia,1
Lake,1
Lakme,1
Lamkershim,1
Lanark,1
Lankerhim,1
Lankershiim,1
Lankershin,1
LANKERSHM,1
Lassen,1
laurel,1
lauren,1
Laurle,1
leland,1
Lemona,1
LILAC,1
Lilian,1
Lilllian,1
Lincoldn,1
Linkershim,1
LITTLE,1
Lomo,1
long,1
lookout,1
Lorne,1
los,1
Lou,1
lowell,1
Lurline,1
MACARTHUR,1
MacAurther,1
MacAurthur,1
MacAuther,1
MAGNOLIA,1
Main/,1
MANCHESTER,1
Mansifield,1
MAPLE,1
maple,1
MarArthur,1
Marina,1
Market,1
Marr,1
Marson,1
Marting,1
Maubert,1
Mayall,1
MCADDEN,1
McArthur,1
Mcclure,1
McFarland,1
MCGARRY,1
McGary,1
McKinnley,1
Medford,1
MELROSE,1
melrose,1
Menlo,1
Mesmer,1
MILTARY,1
Mindanao,1
Mindano,1
MINES,1
MISSION,1
MISSOURI,1
Molton,1
Monogram,1
Montagure,1
montecito,1
moorepark,1
Morehart,1
Morepark,1
Mountain,1
MOZART,1
myers,1
MYRA,1
Naiomi,1
Naoimi,1
naomi,1
Nav,1
Nav.,1
Navi.,1
NEBRASKA,1
NESTLE,1
Nestle,1
NEW,1
newton,1
Nordoff,1
North,1
Oakdale,1
oakwood,1
OCCIDENTAL,1
ocean,1
Odessa,1
odin,1
Ogden,1
Opp,1
Orlando,1
Osage,1
overland,1
Oxford,1
oxford,1
Pacifc,1
pacific,1
Palm,1
Parkman,1
PARKVIEW,1
parthenia,1
Parthia,1
Parthinia,1
pasadena,1
Paseo,1
Peach,1
peach,1
PELHAM,1
Pendelton,1
Penfield,1
penfield,1
PENMAR,1
Pennsylvania,1
pepper,1
Perris,1
Pickford,1
pico,1
Pico/Wilton,1
PIERCE,1
Pivo,1
plummer,1
Pointsettia,1
PONTIUS,1
Pontius,1
poplar,1
Porter,1
Portner,1
Prarie,1
PRK,1
PROSPECT,1
Purdue,1
PV,1
Quartz,1
RADFORD,1
Rainaldi,1
Ralston,1
RANDALL,1
raymer,1
receda,1
Redondo,1
REEDLEY,1
reedley,1
Remik,1
Remmet,1
RENO,1
Reymer,1
Rich,1
Rimpau,1
RINALDI,1
Rio,1
river,1
ROMAINE,1
Roscoe,1
roselake,1
Rosemont,1
rosemont,1
Rosewood,1
Rosswell,1
Roxford,1
RUFFNER,1
RV,1
Sale,1
Salma,1
Saltair,1
Santee,1
Sasticoy,1
SATSUMA,1
Satsuma,1
SCHRADER,1
schrader,1
Schraeder,1
sdwwaddd,1
selig,1
sepelveda,1
Sepelvuda,1
Sepulveda/118,1
SHARP,1
SHATTO,1
shatto,1
SHELDON,1
Sheldon,1
SHERMAN,1
Shirley,1
Siler,1
SIlver,1
SILVERLAKE,1
Simpson,1
SKID,1
SLAUSON,1
Slauson-40,1
Slema,1
soto,1
Spaulding,1
spaulding,1
Speedway,1
Spence:,1
Spring/Arcadia,1
SR,1
ST.ANDREW,1
Standford/Gladys,1
Stanforf,1
Stanton,1
Stanwood,1
Staunton,1
staunton,1
stranwood,1
STRATHERN,1
Sulmar,1
Sunburst,1
Sunet,1
SUNNYBROOK,1
SunSet,1
Sunset/Detroit,1
SUPERIOR,1
sycamore,1
SYLMAR,1
Sylvan,1
Tamarind,1
Tanopah,1
Tejunga,1
TEMPLE,1
temple,1
terra,1
The,1
Third,1
Thorton,1
Tobias,1
TONOPAH,1
TOPANGA,1
towne,1
"Towne,",1
Towne/San,1
tremaine,1
Trinity,1
Tujung,1
Tujunga/Riverside,1
TUXFORD,1
union,1
Valerio,1
Vanalden,1
VARIEL,1
velasco,1
Velasco:,1
vendome,1
Vespar,1
Vetreran,1
Via,1
Victoria,1
VICTORY,1
vigil,1
Viineland,1
Vinelamd,1
Vineyard,1
Vinneland,1
virgil,1
VISTA,1
Vista,1
Vreeland,1
Wahington,1
Wakefield,1
"Wall,",1
Wall/,1
Wall/Industrial,1
Wall/Julian,1
walton,1
WARING,1
Warring,1
Warwick,1
Wasatch,1
washington,1
Water,1
Webb,1
WESTCHESTER,1
WESTERN,1
Westgate,1
Westlawn,1
Westmorland,1
Westoreland,1
Whiteoak,1
whitnall,1
whittier,1
Wilimginton,1
Will,1
WILLIS,1
Willis,1
Willmington,1
willoughby,1
Wilmigton,1
Wilmingto,1
wiloughby,1
Wilshiire,1
WILSON,1
wilson,1
Wimlington,1
Windward,1
WINSTON,1
Winward,1
WOODMAN,1
wyandotte,1
xxx,
Yosemite,1
yucca,1
Zone,